name,role,primary_phone,phones,account,bank
김철수,두목,010-1100-1000,010-1100-1000|010-1100-1100,100-200-3000,국민은행
이영희,gate-keeper,010-1111-1001,010-1111-1001|010-1111-1101|010-1111-1201|010-1111-1301,101-201-3001,신한은행
박민수,영업-hub,010-1122-1002,010-1122-1002|010-1122-1102|010-1122-1202,102-202-3002,우리은행
최지훈,영업-hub,010-1133-1003,010-1133-1003|010-1133-1103|010-1133-1203,103-203-3003,하나은행
정하늘,영업-hub,010-1144-1004,010-1144-1004|010-1144-1104|010-1144-1204,104-204-3004,카카오뱅크
오세진,보고-hub,010-1155-1005,010-1155-1005|010-1155-1105|010-1155-1205,105-205-3005,토스뱅크
윤다은,보고-hub,010-1166-1006,010-1166-1006|010-1166-1106|010-1166-1206,106-206-3006,농협
한지우,영업,010-1177-1007,010-1177-1007|010-1177-1107|010-1177-1207,107-207-3007,국민은행
강민재,영업,010-1188-1008,010-1188-1008|010-1188-1108|010-1188-1208,108-208-3008,신한은행
서유진,영업,010-1199-1009,010-1199-1009|010-1199-1109|010-1199-1209,109-209-3009,우리은행
조현우,영업,010-1210-1010,010-1210-1010|010-1210-1110|010-1210-1210,110-210-3010,하나은행
임수빈,영업,010-1221-1011,010-1221-1011|010-1221-1111|010-1221-1211,111-211-3011,카카오뱅크
배성호,영업,010-1232-1012,010-1232-1012|010-1232-1112|010-1232-1212,112-212-3012,토스뱅크
홍예린,영업,010-1243-1013,010-1243-1013|010-1243-1113|010-1243-1213,113-213-3013,농협
문재혁,영업,010-1254-1014,010-1254-1014|010-1254-1114|010-1254-1214,114-214-3014,국민은행
신소희,영업,010-1265-1015,010-1265-1015|010-1265-1115|010-1265-1215,115-215-3015,신한은행
권태영,영업,010-1276-1016,010-1276-1016|010-1276-1116|010-1276-1216,116-216-3016,우리은행
남지연000,일반인,010-8000-1000,010-8000-1000,120-300-3100,농협
송우진001,일반인,010-8001-1001,010-8001-1001,121-301-3101,국민은행
류하준002,일반인,010-8002-1002,010-8002-1002,122-302-3102,신한은행
황미경003,일반인,010-8003-1003,010-8003-1003,123-303-3103,우리은행
전성호004,일반인,010-8004-1004,010-8004-1004,124-304-3104,하나은행
고은비005,일반인,010-8005-1005,010-8005-1005,125-305-3105,카카오뱅크
양준석006,일반인,010-8006-1006,010-8006-1006,126-306-3106,토스뱅크
차미래007,일반인,010-8007-1007,010-8007-1007,127-307-3107,농협
유태경008,일반인,010-8008-1008,010-8008-1008,128-308-3108,국민은행
노시우009,일반인,010-8009-1009,010-8009-1009,129-309-3109,신한은행
도하린010,일반인,010-8010-1010,010-8010-1010,130-310-3110,우리은행
마준호011,일반인,010-8011-1011,010-8011-1011,131-311-3111,하나은행
변서연012,일반인,010-8012-1012,010-8012-1012,132-312-3112,카카오뱅크
설진우013,일반인,010-8013-1013,010-8013-1013,133-313-3113,토스뱅크
안채원014,일반인,010-8014-1014,010-8014-1014,134-314-3114,농협
장도윤015,일반인,010-8015-1015,010-8015-1015,135-315-3115,국민은행
남지연016,일반인,010-8016-1016,010-8016-1016,136-316-3116,신한은행
송우진017,일반인,010-8017-1017,010-8017-1017,137-317-3117,우리은행
류하준018,일반인,010-8018-1018,010-8018-1018,138-318-3118,하나은행
황미경019,일반인,010-8019-1019,010-8019-1019,139-319-3119,카카오뱅크
전성호020,일반인,010-8020-1020,010-8020-1020,140-320-3120,토스뱅크
고은비021,일반인,010-8021-1021,010-8021-1021,141-321-3121,농협
양준석022,일반인,010-8022-1022,010-8022-1022,142-322-3122,국민은행
차미래023,일반인,010-8023-1023,010-8023-1023,143-323-3123,신한은행
유태경024,일반인,010-8024-1024,010-8024-1024,144-324-3124,우리은행
노시우025,일반인,010-8025-1025,010-8025-1025,145-325-3125,하나은행
도하린026,일반인,010-8026-1026,010-8026-1026,146-326-3126,카카오뱅크
마준호027,일반인,010-8027-1027,010-8027-1027,147-327-3127,토스뱅크
변서연028,일반인,010-8028-1028,010-8028-1028,148-328-3128,농협
설진우029,일반인,010-8029-1029,010-8029-1029,149-329-3129,국민은행
안채원030,일반인,010-8030-1030,010-8030-1030,150-330-3130,신한은행
장도윤031,일반인,010-8031-1031,010-8031-1031,151-331-3131,우리은행
남지연032,일반인,010-8032-1032,010-8032-1032,152-332-3132,하나은행
송우진033,일반인,010-8033-1033,010-8033-1033,153-333-3133,카카오뱅크
류하준034,일반인,010-8034-1034,010-8034-1034,154-334-3134,토스뱅크
황미경035,일반인,010-8035-1035,010-8035-1035,155-335-3135,농협
전성호036,일반인,010-8036-1036,010-8036-1036,156-336-3136,국민은행
고은비037,일반인,010-8037-1037,010-8037-1037,157-337-3137,신한은행
양준석038,일반인,010-8038-1038,010-8038-1038,158-338-3138,우리은행
차미래039,일반인,010-8039-1039,010-8039-1039,159-339-3139,하나은행
유태경040,일반인,010-8040-1040,010-8040-1040,160-340-3140,카카오뱅크
노시우041,일반인,010-8041-1041,010-8041-1041,161-341-3141,토스뱅크
도하린042,일반인,010-8042-1042,010-8042-1042,162-342-3142,농협
마준호043,일반인,010-8043-1043,010-8043-1043,163-343-3143,국민은행
변서연044,일반인,010-8044-1044,010-8044-1044,164-344-3144,신한은행
설진우045,일반인,010-8045-1045,010-8045-1045,165-345-3145,우리은행
안채원046,일반인,010-8046-1046,010-8046-1046,166-346-3146,하나은행
장도윤047,일반인,010-8047-1047,010-8047-1047,167-347-3147,카카오뱅크
남지연048,일반인,010-8048-1048,010-8048-1048,168-348-3148,토스뱅크
송우진049,일반인,010-8049-1049,010-8049-1049,169-349-3149,농협
류하준050,일반인,010-8050-1050,010-8050-1050,170-350-3150,국민은행
황미경051,일반인,010-8051-1051,010-8051-1051,171-351-3151,신한은행
전성호052,일반인,010-8052-1052,010-8052-1052,172-352-3152,우리은행
고은비053,일반인,010-8053-1053,010-8053-1053,173-353-3153,하나은행
양준석054,일반인,010-8054-1054,010-8054-1054,174-354-3154,카카오뱅크
차미래055,일반인,010-8055-1055,010-8055-1055,175-355-3155,토스뱅크
유태경056,일반인,010-8056-1056,010-8056-1056,176-356-3156,농협
노시우057,일반인,010-8057-1057,010-8057-1057,177-357-3157,국민은행
도하린058,일반인,010-8058-1058,010-8058-1058,178-358-3158,신한은행
마준호059,일반인,010-8059-1059,010-8059-1059,179-359-3159,우리은행
변서연060,일반인,010-8060-1060,010-8060-1060,180-360-3160,하나은행
설진우061,일반인,010-8061-1061,010-8061-1061,181-361-3161,카카오뱅크
안채원062,일반인,010-8062-1062,010-8062-1062,182-362-3162,토스뱅크
장도윤063,일반인,010-8063-1063,010-8063-1063,183-363-3163,농협
남지연064,일반인,010-8064-1064,010-8064-1064,184-364-3164,국민은행
송우진065,일반인,010-8065-1065,010-8065-1065,185-365-3165,신한은행
류하준066,일반인,010-8066-1066,010-8066-1066,186-366-3166,우리은행
황미경067,일반인,010-8067-1067,010-8067-1067,187-367-3167,하나은행
전성호068,일반인,010-8068-1068,010-8068-1068,188-368-3168,카카오뱅크
고은비069,일반인,010-8069-1069,010-8069-1069,189-369-3169,토스뱅크
양준석070,일반인,010-8070-1070,010-8070-1070,190-370-3170,농협
차미래071,일반인,010-8071-1071,010-8071-1071,191-371-3171,국민은행
유태경072,일반인,010-8072-1072,010-8072-1072,192-372-3172,신한은행
노시우073,일반인,010-8073-1073,010-8073-1073,193-373-3173,우리은행
도하린074,일반인,010-8074-1074,010-8074-1074,194-374-3174,하나은행
마준호075,일반인,010-8075-1075,010-8075-1075,195-375-3175,카카오뱅크
변서연076,일반인,010-8076-1076,010-8076-1076,196-376-3176,토스뱅크
설진우077,일반인,010-8077-1077,010-8077-1077,197-377-3177,농협
안채원078,일반인,010-8078-1078,010-8078-1078,198-378-3178,국민은행
장도윤079,일반인,010-8079-1079,010-8079-1079,199-379-3179,신한은행
