name,role,phone,active_from,active_to
김철수,두목,010-1100-1000,2024-01-01 00:00:00,2024-05-30 03:01:47
김철수,두목,010-1100-1100,2024-05-30 03:01:47,
이영희,gate-keeper,010-1111-1001,2024-01-01 00:00:00,2024-03-09 07:14:08
이영희,gate-keeper,010-1111-1101,2024-03-09 07:14:08,2024-05-13 21:47:57
이영희,gate-keeper,010-1111-1201,2024-05-13 21:47:57,2024-08-05 02:37:27
이영희,gate-keeper,010-1111-1301,2024-08-05 02:37:27,
박민수,영업-hub,010-1122-1002,2024-01-01 00:00:00,2024-03-25 00:05:13
박민수,영업-hub,010-1122-1102,2024-03-25 00:05:13,2024-07-02 16:38:01
박민수,영업-hub,010-1122-1202,2024-07-02 16:38:01,
최지훈,영업-hub,010-1133-1003,2024-01-01 00:00:00,2024-04-10 06:45:41
최지훈,영업-hub,010-1133-1103,2024-04-10 06:45:41,2024-07-12 13:14:28
최지훈,영업-hub,010-1133-1203,2024-07-12 13:14:28,
정하늘,영업-hub,010-1144-1004,2024-01-01 00:00:00,2024-04-11 08:51:55
정하늘,영업-hub,010-1144-1104,2024-04-11 08:51:55,2024-06-25 05:44:27
정하늘,영업-hub,010-1144-1204,2024-06-25 05:44:27,
오세진,보고-hub,010-1155-1005,2024-01-01 00:00:00,2024-04-03 08:09:13
오세진,보고-hub,010-1155-1105,2024-04-03 08:09:13,2024-07-05 03:05:24
오세진,보고-hub,010-1155-1205,2024-07-05 03:05:24,
윤다은,보고-hub,010-1166-1006,2024-01-01 00:00:00,2024-03-27 11:54:22
윤다은,보고-hub,010-1166-1106,2024-03-27 11:54:22,2024-07-14 08:51:02
윤다은,보고-hub,010-1166-1206,2024-07-14 08:51:02,
한지우,영업,010-1177-1007,2024-01-01 00:00:00,2024-04-07 17:07:59
한지우,영업,010-1177-1107,2024-04-07 17:07:59,2024-07-07 02:35:18
한지우,영업,010-1177-1207,2024-07-07 02:35:18,
강민재,영업,010-1188-1008,2024-01-01 00:00:00,2024-04-13 19:56:55
강민재,영업,010-1188-1108,2024-04-13 19:56:55,2024-07-06 18:12:45
강민재,영업,010-1188-1208,2024-07-06 18:12:45,
서유진,영업,010-1199-1009,2024-01-01 00:00:00,2024-03-26 01:42:14
서유진,영업,010-1199-1109,2024-03-26 01:42:14,2024-07-04 02:54:14
서유진,영업,010-1199-1209,2024-07-04 02:54:14,
조현우,영업,010-1210-1010,2024-01-01 00:00:00,2024-03-27 12:17:29
조현우,영업,010-1210-1110,2024-03-27 12:17:29,2024-07-15 11:10:23
조현우,영업,010-1210-1210,2024-07-15 11:10:23,
임수빈,영업,010-1221-1011,2024-01-01 00:00:00,2024-04-04 06:42:17
임수빈,영업,010-1221-1111,2024-04-04 06:42:17,2024-07-15 02:38:40
임수빈,영업,010-1221-1211,2024-07-15 02:38:40,
배성호,영업,010-1232-1012,2024-01-01 00:00:00,2024-03-29 17:46:15
배성호,영업,010-1232-1112,2024-03-29 17:46:15,2024-06-30 14:24:17
배성호,영업,010-1232-1212,2024-06-30 14:24:17,
홍예린,영업,010-1243-1013,2024-01-01 00:00:00,2024-04-13 22:35:14
홍예린,영업,010-1243-1113,2024-04-13 22:35:14,2024-07-05 01:14:52
홍예린,영업,010-1243-1213,2024-07-05 01:14:52,
문재혁,영업,010-1254-1014,2024-01-01 00:00:00,2024-03-25 10:25:17
문재혁,영업,010-1254-1114,2024-03-25 10:25:17,2024-06-27 06:58:36
문재혁,영업,010-1254-1214,2024-06-27 06:58:36,
신소희,영업,010-1265-1015,2024-01-01 00:00:00,2024-04-03 06:41:31
신소희,영업,010-1265-1115,2024-04-03 06:41:31,2024-07-07 20:29:09
신소희,영업,010-1265-1215,2024-07-07 20:29:09,
권태영,영업,010-1276-1016,2024-01-01 00:00:00,2024-04-01 04:15:47
권태영,영업,010-1276-1116,2024-04-01 04:15:47,2024-07-12 17:16:47
권태영,영업,010-1276-1216,2024-07-12 17:16:47,
남지연000,일반인,010-8000-1000,2024-01-01 00:00:00,
송우진001,일반인,010-8001-1001,2024-01-01 00:00:00,
류하준002,일반인,010-8002-1002,2024-01-01 00:00:00,
황미경003,일반인,010-8003-1003,2024-01-01 00:00:00,
전성호004,일반인,010-8004-1004,2024-01-01 00:00:00,
고은비005,일반인,010-8005-1005,2024-01-01 00:00:00,
양준석006,일반인,010-8006-1006,2024-01-01 00:00:00,
차미래007,일반인,010-8007-1007,2024-01-01 00:00:00,
유태경008,일반인,010-8008-1008,2024-01-01 00:00:00,
노시우009,일반인,010-8009-1009,2024-01-01 00:00:00,
도하린010,일반인,010-8010-1010,2024-01-01 00:00:00,
마준호011,일반인,010-8011-1011,2024-01-01 00:00:00,
변서연012,일반인,010-8012-1012,2024-01-01 00:00:00,
설진우013,일반인,010-8013-1013,2024-01-01 00:00:00,
안채원014,일반인,010-8014-1014,2024-01-01 00:00:00,
장도윤015,일반인,010-8015-1015,2024-01-01 00:00:00,
남지연016,일반인,010-8016-1016,2024-01-01 00:00:00,
송우진017,일반인,010-8017-1017,2024-01-01 00:00:00,
류하준018,일반인,010-8018-1018,2024-01-01 00:00:00,
황미경019,일반인,010-8019-1019,2024-01-01 00:00:00,
전성호020,일반인,010-8020-1020,2024-01-01 00:00:00,
고은비021,일반인,010-8021-1021,2024-01-01 00:00:00,
양준석022,일반인,010-8022-1022,2024-01-01 00:00:00,
차미래023,일반인,010-8023-1023,2024-01-01 00:00:00,
유태경024,일반인,010-8024-1024,2024-01-01 00:00:00,
노시우025,일반인,010-8025-1025,2024-01-01 00:00:00,
도하린026,일반인,010-8026-1026,2024-01-01 00:00:00,
마준호027,일반인,010-8027-1027,2024-01-01 00:00:00,
변서연028,일반인,010-8028-1028,2024-01-01 00:00:00,
설진우029,일반인,010-8029-1029,2024-01-01 00:00:00,
안채원030,일반인,010-8030-1030,2024-01-01 00:00:00,
장도윤031,일반인,010-8031-1031,2024-01-01 00:00:00,
남지연032,일반인,010-8032-1032,2024-01-01 00:00:00,
송우진033,일반인,010-8033-1033,2024-01-01 00:00:00,
류하준034,일반인,010-8034-1034,2024-01-01 00:00:00,
황미경035,일반인,010-8035-1035,2024-01-01 00:00:00,
전성호036,일반인,010-8036-1036,2024-01-01 00:00:00,
고은비037,일반인,010-8037-1037,2024-01-01 00:00:00,
양준석038,일반인,010-8038-1038,2024-01-01 00:00:00,
차미래039,일반인,010-8039-1039,2024-01-01 00:00:00,
유태경040,일반인,010-8040-1040,2024-01-01 00:00:00,
노시우041,일반인,010-8041-1041,2024-01-01 00:00:00,
도하린042,일반인,010-8042-1042,2024-01-01 00:00:00,
마준호043,일반인,010-8043-1043,2024-01-01 00:00:00,
변서연044,일반인,010-8044-1044,2024-01-01 00:00:00,
설진우045,일반인,010-8045-1045,2024-01-01 00:00:00,
안채원046,일반인,010-8046-1046,2024-01-01 00:00:00,
장도윤047,일반인,010-8047-1047,2024-01-01 00:00:00,
남지연048,일반인,010-8048-1048,2024-01-01 00:00:00,
송우진049,일반인,010-8049-1049,2024-01-01 00:00:00,
류하준050,일반인,010-8050-1050,2024-01-01 00:00:00,
황미경051,일반인,010-8051-1051,2024-01-01 00:00:00,
전성호052,일반인,010-8052-1052,2024-01-01 00:00:00,
고은비053,일반인,010-8053-1053,2024-01-01 00:00:00,
양준석054,일반인,010-8054-1054,2024-01-01 00:00:00,
차미래055,일반인,010-8055-1055,2024-01-01 00:00:00,
유태경056,일반인,010-8056-1056,2024-01-01 00:00:00,
노시우057,일반인,010-8057-1057,2024-01-01 00:00:00,
도하린058,일반인,010-8058-1058,2024-01-01 00:00:00,
마준호059,일반인,010-8059-1059,2024-01-01 00:00:00,
변서연060,일반인,010-8060-1060,2024-01-01 00:00:00,
설진우061,일반인,010-8061-1061,2024-01-01 00:00:00,
안채원062,일반인,010-8062-1062,2024-01-01 00:00:00,
장도윤063,일반인,010-8063-1063,2024-01-01 00:00:00,
남지연064,일반인,010-8064-1064,2024-01-01 00:00:00,
송우진065,일반인,010-8065-1065,2024-01-01 00:00:00,
류하준066,일반인,010-8066-1066,2024-01-01 00:00:00,
황미경067,일반인,010-8067-1067,2024-01-01 00:00:00,
전성호068,일반인,010-8068-1068,2024-01-01 00:00:00,
고은비069,일반인,010-8069-1069,2024-01-01 00:00:00,
양준석070,일반인,010-8070-1070,2024-01-01 00:00:00,
차미래071,일반인,010-8071-1071,2024-01-01 00:00:00,
유태경072,일반인,010-8072-1072,2024-01-01 00:00:00,
노시우073,일반인,010-8073-1073,2024-01-01 00:00:00,
도하린074,일반인,010-8074-1074,2024-01-01 00:00:00,
마준호075,일반인,010-8075-1075,2024-01-01 00:00:00,
변서연076,일반인,010-8076-1076,2024-01-01 00:00:00,
설진우077,일반인,010-8077-1077,2024-01-01 00:00:00,
안채원078,일반인,010-8078-1078,2024-01-01 00:00:00,
장도윤079,일반인,010-8079-1079,2024-01-01 00:00:00,
